CUNY Tech Prep,https://cunytechprep.org/,CUNY Tech Prep is a free program for select CUNY computer science and related majors students focused on helping students land great jobs in NYC.
CUNY Tech Prep | LinkedIn,https://www.linkedin.com/company/cuny-tech-prep,CUNY Tech Prep | 3,993 followers on LinkedIn. Equipping City University of New York students with the resources they need to jumpstart their careers in tech. | CUNY Tech Prep (CTP) is a year-long program for City University of New York (CUNY) Computer Science and related majors in the 11 CUNY senior colleges to learn in-demand technologies, master professional soft skills, and land great tech jobs in New York City - all at NO cost to students. We pair two semesters of technical course work in either Web Development or Data Science, culminating in students showcasing applications they build from design to implementation at our biannual Demo Nights, with personalized career coaching to hone students’ professional skills. We were launched with insight from NYC tech companies and support from the NYC Tech Talent Pipeline, the City of New York’s industry partnership designed to support the inclusive growth of the NYC tech sector and deliver quality jobs to New Yorkers and quality talent to NYC businesses.
Applying to CUNY Tech Prep,https://cunytechprep.org/students/apply/,CUNY Tech Prep is a free program for select CUNY computer science students focused on helping students land great jobs in NYC.
CUNY Tech Prep (@cuny_tech_prep) • Instagram photos and videos,https://www.instagram.com/cuny_tech_prep/?hl=en,571 Followers, 242 Following, 195 Posts - See Instagram photos and videos from CUNY Tech Prep (@cuny_tech_prep)
CUNY Tech Prep,https://cunytechprep.org/about/program/,CUNY Tech Prep is a free program for select CUNY computer science students focused on helping students land great jobs in NYC.
CUNY Tech Prep · GitHub,https://github.com/CUNYTechPrep/,CUNY Tech Prep has 64 repositories available. Follow their code on GitHub.
CUNY Tech Prep : Demo Night Tickets, Wed, Dec 13, 2023 at 6:00 ...,https://www.eventbrite.com/e/cuny-tech-prep-demo-night-tickets-739456312737,Eventbrite - CUNY Tech Prep presents CUNY Tech Prep : Demo Night - Wednesday, December 13, 2023 at Brooklyn Navy Yard - Building 92, Brooklyn, NY.
How competitive is CUNY Tech Prep? : r/Baruch,https://www.reddit.com/r/Baruch/comments/mfb5rk/how_competitive_is_cuny_tech_prep/,Mar 28, 2021 ... I see. I attempted hackerrank coding stage and I have to say difficulty of the questions was above my expectations. They seemed doable but when ...
CUNY Tech Prep (@CUNYTechPrep) / X,https://twitter.com/cunytechprep?lang=en,Equipping City University of New York students with the resources they need to jumpstart their careers in tech.
CUNYTechPrep/ctp2019: CUNY Tech Prep 2019-2020 ... - GitHub,https://github.com/CUNYTechPrep/ctp2019,CUNY Tech Prep 2019-2020 Program Materials. Contribute to CUNYTechPrep/ctp2019 development by creating an account on GitHub.
